{
  "season": "2024",
  "last_updated": "2025-08-29T10:48:47.016692",
  "total_weeks": 5,
  "total_games": 77,
  "games": [
    {
      "game_id": "2024_week1_bal_kc",
      "week": 1,
      "season": 2024,
      "game_date": "2024-09-05T20:20:00",
      "home_team": "KC",
      "away_team": "BAL",
      "game_time": "20:20",
      "status": "scheduled",
      "tv_network": "NBC",
      "is_playoff": false,
      "is_prime_time": true,
      "venue": "Arrowhead Stadium"
    },
    {
      "game_id": "2024_week1_gb_phi",
      "week": 1,
      "season": 2024,
      "game_date": "2024-09-06T20:15:00",
      "home_team": "PHI",
      "away_team": "GB",
      "game_time": "20:15",
      "status": "scheduled",
      "tv_network": "NBC",
      "is_playoff": false,
      "is_prime_time": true,
      "venue": "Lincoln Financial Field"
    },
    {
      "game_id": "2024_week1_atl_pit",
      "week": 1,
      "season": 2024,
      "game_date": "2024-09-08T13:00:00",
      "home_team": "PIT",
      "away_team": "ATL",
      "game_time": "13:00",
      "status": "scheduled",
      "tv_network": "CBS",
      "is_playoff": false,
      "is_prime_time": false,
      "venue": "Heinz Field"
    },
    {
      "game_id": "2024_week1_ari_buf",
      "week": 1,
      "season": 2024,
      "game_date": "2024-09-08T13:00:00",
      "home_team": "BUF",
      "away_team": "ARI",
      "game_time": "13:00",
      "status": "scheduled",
      "tv_network": "FOX",
      "is_playoff": false,
      "is_prime_time": false,
      "venue": "Highmark Stadium"
    },
    {
      "game_id": "2024_week1_chi_ten",
      "week": 1,
      "season": 2024,
      "game_date": "2024-09-08T13:00:00",
      "home_team": "TEN",
      "away_team": "CHI",
      "game_time": "13:00",
      "status": "scheduled",
      "tv_network": "CBS",
      "is_playoff": false,
      "is_prime_time": false,
      "venue": "Nissan Stadium"
    },
    {
      "game_id": "2024_week1_cin_ne",
      "week": 1,
      "season": 2024,
      "game_date": "2024-09-08T13:00:00",
      "home_team": "NE",
      "away_team": "CIN",
      "game_time": "13:00",
      "status": "scheduled",
      "tv_network": "FOX",
      "is_playoff": false,
      "is_prime_time": false,
      "venue": "Gillette Stadium"
    },
    {
      "game_id": "2024_week1_cle_dal",
      "week": 1,
      "season": 2024,
      "game_date": "2024-09-08T13:00:00",
      "home_team": "DAL",
      "away_team": "CLE",
      "game_time": "13:00",
      "status": "scheduled",
      "tv_network": "CBS",
      "is_playoff": false,
      "is_prime_time": false,
      "venue": "AT&T Stadium"
    },
    {
      "game_id": "2024_week1_hou_ind",
      "week": 1,
      "season": 2024,
      "game_date": "2024-09-08T16:25:00",
      "home_team": "IND",
      "away_team": "HOU",
      "game_time": "16:25",
      "status": "scheduled",
      "tv_network": "CBS",
      "is_playoff": false,
      "is_prime_time": false,
      "venue": "Lucas Oil Stadium"
    },
    {
      "game_id": "2024_week1_jax_mia",
      "week": 1,
      "season": 2024,
      "game_date": "2024-09-08T16:25:00",
      "home_team": "MIA",
      "away_team": "JAX",
      "game_time": "16:25",
      "status": "scheduled",
      "tv_network": "FOX",
      "is_playoff": false,
      "is_prime_time": false,
      "venue": "Hard Rock Stadium"
    },
    {
      "game_id": "2024_week1_lac_lv",
      "week": 1,
      "season": 2024,
      "game_date": "2024-09-08T16:25:00",
      "home_team": "LV",
      "away_team": "LAC",
      "game_time": "16:25",
      "status": "scheduled",
      "tv_network": "CBS",
      "is_playoff": false,
      "is_prime_time": false,
      "venue": "Allegiant Stadium"
    },
    {
      "game_id": "2024_week1_min_nyg",
      "week": 1,
      "season": 2024,
      "game_date": "2024-09-08T16:25:00",
      "home_team": "NYG",
      "away_team": "MIN",
      "game_time": "16:25",
      "status": "scheduled",
      "tv_network": "FOX",
      "is_playoff": false,
      "is_prime_time": false,
      "venue": "MetLife Stadium"
    },
    {
      "game_id": "2024_week1_no_car",
      "week": 1,
      "season": 2024,
      "game_date": "2024-09-08T16:25:00",
      "home_team": "CAR",
      "away_team": "NO",
      "game_time": "16:25",
      "status": "scheduled",
      "tv_network": "CBS",
      "is_playoff": false,
      "is_prime_time": false,
      "venue": "Bank of America Stadium"
    },
    {
      "game_id": "2024_week1_sea_den",
      "week": 1,
      "season": 2024,
      "game_date": "2024-09-08T16:25:00",
      "home_team": "DEN",
      "away_team": "SEA",
      "game_time": "16:25",
      "status": "scheduled",
      "tv_network": "FOX",
      "is_playoff": false,
      "is_prime_time": false,
      "venue": "Empower Field"
    },
    {
      "game_id": "2024_week1_tb_was",
      "week": 1,
      "season": 2024,
      "game_date": "2024-09-08T20:20:00",
      "home_team": "WAS",
      "away_team": "TB",
      "game_time": "20:20",
      "status": "scheduled",
      "tv_network": "NBC",
      "is_playoff": false,
      "is_prime_time": true,
      "venue": "FedExField"
    },
    {
      "game_id": "2024_week1_sf_nyj",
      "week": 1,
      "season": 2024,
      "game_date": "2024-09-09T20:15:00",
      "home_team": "NYJ",
      "away_team": "SF",
      "game_time": "20:15",
      "status": "scheduled",
      "tv_network": "ESPN",
      "is_playoff": false,
      "is_prime_time": true,
      "venue": "MetLife Stadium"
    },
    {
      "game_id": "2024_week1_det_lar",
      "week": 1,
      "season": 2024,
      "game_date": "2024-09-09T20:15:00",
      "home_team": "LAR",
      "away_team": "DET",
      "game_time": "20:15",
      "status": "scheduled",
      "tv_network": "ABC",
      "is_playoff": false,
      "is_prime_time": true,
      "venue": "SoFi Stadium"
    },
    {
      "game_id": "2024_week2_buf_mia",
      "week": 2,
      "season": 2024,
      "game_date": "2024-09-12T20:15:00",
      "home_team": "MIA",
      "away_team": "BUF",
      "game_time": "20:15",
      "status": "scheduled",
      "tv_network": "Prime",
      "is_playoff": false,
      "is_prime_time": true,
      "venue": "Hard Rock Stadium"
    },
    {
      "game_id": "2024_week2_phi_was",
      "week": 2,
      "season": 2024,
      "game_date": "2024-09-15T13:00:00",
      "home_team": "WAS",
      "away_team": "PHI",
      "game_time": "13:00",
      "status": "scheduled",
      "tv_network": "FOX",
      "is_playoff": false,
      "is_prime_time": false,
      "venue": "FedExField"
    },
    {
      "game_id": "2024_week2_dal_no",
      "week": 2,
      "season": 2024,
      "game_date": "2024-09-15T13:00:00",
      "home_team": "NO",
      "away_team": "DAL",
      "game_time": "13:00",
      "status": "scheduled",
      "tv_network": "CBS",
      "is_playoff": false,
      "is_prime_time": false,
      "venue": "Caesars Superdome"
    },
    {
      "game_id": "2024_week2_lac_car",
      "week": 2,
      "season": 2024,
      "game_date": "2024-09-15T13:00:00",
      "home_team": "CAR",
      "away_team": "LAC",
      "game_time": "13:00",
      "status": "scheduled",
      "tv_network": "FOX",
      "is_playoff": false,
      "is_prime_time": false,
      "venue": "Bank of America Stadium"
    },
    {
      "game_id": "2024_week2_nyg_ari",
      "week": 2,
      "season": 2024,
      "game_date": "2024-09-15T13:00:00",
      "home_team": "ARI",
      "away_team": "NYG",
      "game_time": "13:00",
      "status": "scheduled",
      "tv_network": "CBS",
      "is_playoff": false,
      "is_prime_time": false,
      "venue": "State Farm Stadium"
    },
    {
      "game_id": "2024_week2_ind_gb",
      "week": 2,
      "season": 2024,
      "game_date": "2024-09-15T13:00:00",
      "home_team": "GB",
      "away_team": "IND",
      "game_time": "13:00",
      "status": "scheduled",
      "tv_network": "FOX",
      "is_playoff": false,
      "is_prime_time": false,
      "venue": "Lambeau Field"
    },
    {
      "game_id": "2024_week2_sf_min",
      "week": 2,
      "season": 2024,
      "game_date": "2024-09-15T16:05:00",
      "home_team": "MIN",
      "away_team": "SF",
      "game_time": "16:05",
      "status": "scheduled",
      "tv_network": "CBS",
      "is_playoff": false,
      "is_prime_time": false,
      "venue": "U.S. Bank Stadium"
    },
    {
      "game_id": "2024_week2_sea_ne",
      "week": 2,
      "season": 2024,
      "game_date": "2024-09-15T16:05:00",
      "home_team": "NE",
      "away_team": "SEA",
      "game_time": "16:05",
      "status": "scheduled",
      "tv_network": "FOX",
      "is_playoff": false,
      "is_prime_time": false,
      "venue": "Gillette Stadium"
    },
    {
      "game_id": "2024_week2_den_pit",
      "week": 2,
      "season": 2024,
      "game_date": "2024-09-15T16:25:00",
      "home_team": "PIT",
      "away_team": "DEN",
      "game_time": "16:25",
      "status": "scheduled",
      "tv_network": "CBS",
      "is_playoff": false,
      "is_prime_time": false,
      "venue": "Heinz Field"
    },
    {
      "game_id": "2024_week2_lv_bal",
      "week": 2,
      "season": 2024,
      "game_date": "2024-09-15T16:25:00",
      "home_team": "BAL",
      "away_team": "LV",
      "game_time": "16:25",
      "status": "scheduled",
      "tv_network": "FOX",
      "is_playoff": false,
      "is_prime_time": false,
      "venue": "M&T Bank Stadium"
    },
    {
      "game_id": "2024_week2_tb_det",
      "week": 2,
      "season": 2024,
      "game_date": "2024-09-15T16:25:00",
      "home_team": "DET",
      "away_team": "TB",
      "game_time": "16:25",
      "status": "scheduled",
      "tv_network": "CBS",
      "is_playoff": false,
      "is_prime_time": false,
      "venue": "Ford Field"
    },
    {
      "game_id": "2024_week2_cle_jax",
      "week": 2,
      "season": 2024,
      "game_date": "2024-09-15T16:25:00",
      "home_team": "JAX",
      "away_team": "CLE",
      "game_time": "16:25",
      "status": "scheduled",
      "tv_network": "FOX",
      "is_playoff": false,
      "is_prime_time": false,
      "venue": "TIAA Bank Field"
    },
    {
      "game_id": "2024_week2_ten_nyj",
      "week": 2,
      "season": 2024,
      "game_date": "2024-09-15T16:25:00",
      "home_team": "NYJ",
      "away_team": "TEN",
      "game_time": "16:25",
      "status": "scheduled",
      "tv_network": "CBS",
      "is_playoff": false,
      "is_prime_time": false,
      "venue": "MetLife Stadium"
    },
    {
      "game_id": "2024_week2_kc_cin",
      "week": 2,
      "season": 2024,
      "game_date": "2024-09-15T20:20:00",
      "home_team": "CIN",
      "away_team": "KC",
      "game_time": "20:20",
      "status": "scheduled",
      "tv_network": "NBC",
      "is_playoff": false,
      "is_prime_time": true,
      "venue": "Paycor Stadium"
    },
    {
      "game_id": "2024_week2_chi_hou",
      "week": 2,
      "season": 2024,
      "game_date": "2024-09-16T20:15:00",
      "home_team": "HOU",
      "away_team": "CHI",
      "game_time": "20:15",
      "status": "scheduled",
      "tv_network": "ESPN",
      "is_playoff": false,
      "is_prime_time": true,
      "venue": "NRG Stadium"
    },
    {
      "game_id": "2024_week2_atl_lar",
      "week": 2,
      "season": 2024,
      "game_date": "2024-09-16T20:30:00",
      "home_team": "LAR",
      "away_team": "ATL",
      "game_time": "20:30",
      "status": "scheduled",
      "tv_network": "ABC",
      "is_playoff": false,
      "is_prime_time": true,
      "venue": "SoFi Stadium"
    },
    {
      "game_id": "2024_week3_nyj_ne",
      "week": 3,
      "season": 2024,
      "game_date": "2024-09-19T20:15:00",
      "home_team": "NE",
      "away_team": "NYJ",
      "game_time": "20:15",
      "status": "scheduled",
      "tv_network": "Prime",
      "is_playoff": false,
      "is_prime_time": true,
      "venue": "Gillette Stadium"
    },
    {
      "game_id": "2024_week3_lar_sf",
      "week": 3,
      "season": 2024,
      "game_date": "2024-09-22T13:00:00",
      "home_team": "SF",
      "away_team": "LAR",
      "game_time": "13:00",
      "status": "scheduled",
      "tv_network": "FOX",
      "is_playoff": false,
      "is_prime_time": false,
      "venue": "Levi's Stadium"
    },
    {
      "game_id": "2024_week3_mia_sea",
      "week": 3,
      "season": 2024,
      "game_date": "2024-09-22T13:00:00",
      "home_team": "SEA",
      "away_team": "MIA",
      "game_time": "13:00",
      "status": "scheduled",
      "tv_network": "CBS",
      "is_playoff": false,
      "is_prime_time": false,
      "venue": "Lumen Field"
    },
    {
      "game_id": "2024_week3_den_tb",
      "week": 3,
      "season": 2024,
      "game_date": "2024-09-22T13:00:00",
      "home_team": "TB",
      "away_team": "DEN",
      "game_time": "13:00",
      "status": "scheduled",
      "tv_network": "FOX",
      "is_playoff": false,
      "is_prime_time": false,
      "venue": "Raymond James Stadium"
    },
    {
      "game_id": "2024_week3_hou_min",
      "week": 3,
      "season": 2024,
      "game_date": "2024-09-22T13:00:00",
      "home_team": "MIN",
      "away_team": "HOU",
      "game_time": "13:00",
      "status": "scheduled",
      "tv_network": "CBS",
      "is_playoff": false,
      "is_prime_time": false,
      "venue": "U.S. Bank Stadium"
    },
    {
      "game_id": "2024_week3_no_phi",
      "week": 3,
      "season": 2024,
      "game_date": "2024-09-22T13:00:00",
      "home_team": "PHI",
      "away_team": "NO",
      "game_time": "13:00",
      "status": "scheduled",
      "tv_network": "FOX",
      "is_playoff": false,
      "is_prime_time": false,
      "venue": "Lincoln Financial Field"
    },
    {
      "game_id": "2024_week3_car_lv",
      "week": 3,
      "season": 2024,
      "game_date": "2024-09-22T16:05:00",
      "home_team": "LV",
      "away_team": "CAR",
      "game_time": "16:05",
      "status": "scheduled",
      "tv_network": "CBS",
      "is_playoff": false,
      "is_prime_time": false,
      "venue": "Allegiant Stadium"
    },
    {
      "game_id": "2024_week3_chi_ind",
      "week": 3,
      "season": 2024,
      "game_date": "2024-09-22T16:05:00",
      "home_team": "IND",
      "away_team": "CHI",
      "game_time": "16:05",
      "status": "scheduled",
      "tv_network": "FOX",
      "is_playoff": false,
      "is_prime_time": false,
      "venue": "Lucas Oil Stadium"
    },
    {
      "game_id": "2024_week3_gb_ten",
      "week": 3,
      "season": 2024,
      "game_date": "2024-09-22T16:25:00",
      "home_team": "TEN",
      "away_team": "GB",
      "game_time": "16:25",
      "status": "scheduled",
      "tv_network": "CBS",
      "is_playoff": false,
      "is_prime_time": false,
      "venue": "Nissan Stadium"
    },
    {
      "game_id": "2024_week3_cle_nyg",
      "week": 3,
      "season": 2024,
      "game_date": "2024-09-22T16:25:00",
      "home_team": "NYG",
      "away_team": "CLE",
      "game_time": "16:25",
      "status": "scheduled",
      "tv_network": "FOX",
      "is_playoff": false,
      "is_prime_time": false,
      "venue": "MetLife Stadium"
    },
    {
      "game_id": "2024_week3_was_cin",
      "week": 3,
      "season": 2024,
      "game_date": "2024-09-22T16:25:00",
      "home_team": "CIN",
      "away_team": "WAS",
      "game_time": "16:25",
      "status": "scheduled",
      "tv_network": "CBS",
      "is_playoff": false,
      "is_prime_time": false,
      "venue": "Paycor Stadium"
    },
    {
      "game_id": "2024_week3_atl_kc",
      "week": 3,
      "season": 2024,
      "game_date": "2024-09-22T16:25:00",
      "home_team": "KC",
      "away_team": "ATL",
      "game_time": "16:25",
      "status": "scheduled",
      "tv_network": "FOX",
      "is_playoff": false,
      "is_prime_time": false,
      "venue": "Arrowhead Stadium"
    },
    {
      "game_id": "2024_week3_pit_lac",
      "week": 3,
      "season": 2024,
      "game_date": "2024-09-22T16:25:00",
      "home_team": "LAC",
      "away_team": "PIT",
      "game_time": "16:25",
      "status": "scheduled",
      "tv_network": "CBS",
      "is_playoff": false,
      "is_prime_time": false,
      "venue": "SoFi Stadium"
    },
    {
      "game_id": "2024_week3_dal_bal",
      "week": 3,
      "season": 2024,
      "game_date": "2024-09-22T20:20:00",
      "home_team": "BAL",
      "away_team": "DAL",
      "game_time": "20:20",
      "status": "scheduled",
      "tv_network": "NBC",
      "is_playoff": false,
      "is_prime_time": true,
      "venue": "M&T Bank Stadium"
    },
    {
      "game_id": "2024_week3_ari_det",
      "week": 3,
      "season": 2024,
      "game_date": "2024-09-23T20:15:00",
      "home_team": "DET",
      "away_team": "ARI",
      "game_time": "20:15",
      "status": "scheduled",
      "tv_network": "ESPN",
      "is_playoff": false,
      "is_prime_time": true,
      "venue": "Ford Field"
    },
    {
      "game_id": "2024_week3_jax_buf",
      "week": 3,
      "season": 2024,
      "game_date": "2024-09-23T20:30:00",
      "home_team": "BUF",
      "away_team": "JAX",
      "game_time": "20:30",
      "status": "scheduled",
      "tv_network": "ABC",
      "is_playoff": false,
      "is_prime_time": true,
      "venue": "Highmark Stadium"
    },
    {
      "game_id": "2024_week4_dal_nyg",
      "week": 4,
      "season": 2024,
      "game_date": "2024-09-26T20:15:00",
      "home_team": "NYG",
      "away_team": "DAL",
      "game_time": "20:15",
      "status": "scheduled",
      "tv_network": "Prime",
      "is_playoff": false,
      "is_prime_time": true,
      "venue": "MetLife Stadium"
    },
    {
      "game_id": "2024_week4_min_gb",
      "week": 4,
      "season": 2024,
      "game_date": "2024-09-29T13:00:00",
      "home_team": "GB",
      "away_team": "MIN",
      "game_time": "13:00",
      "status": "scheduled",
      "tv_network": "FOX",
      "is_playoff": false,
      "is_prime_time": false,
      "venue": "Lambeau Field"
    },
    {
      "game_id": "2024_week4_atl_no",
      "week": 4,
      "season": 2024,
      "game_date": "2024-09-29T13:00:00",
      "home_team": "NO",
      "away_team": "ATL",
      "game_time": "13:00",
      "status": "scheduled",
      "tv_network": "CBS",
      "is_playoff": false,
      "is_prime_time": false,
      "venue": "Caesars Superdome"
    },
    {
      "game_id": "2024_week4_buf_bal",
      "week": 4,
      "season": 2024,
      "game_date": "2024-09-29T13:00:00",
      "home_team": "BAL",
      "away_team": "BUF",
      "game_time": "13:00",
      "status": "scheduled",
      "tv_network": "FOX",
      "is_playoff": false,
      "is_prime_time": false,
      "venue": "M&T Bank Stadium"
    },
    {
      "game_id": "2024_week4_cin_car",
      "week": 4,
      "season": 2024,
      "game_date": "2024-09-29T13:00:00",
      "home_team": "CAR",
      "away_team": "CIN",
      "game_time": "13:00",
      "status": "scheduled",
      "tv_network": "CBS",
      "is_playoff": false,
      "is_prime_time": false,
      "venue": "Bank of America Stadium"
    },
    {
      "game_id": "2024_week4_ind_pit",
      "week": 4,
      "season": 2024,
      "game_date": "2024-09-29T13:00:00",
      "home_team": "PIT",
      "away_team": "IND",
      "game_time": "13:00",
      "status": "scheduled",
      "tv_network": "FOX",
      "is_playoff": false,
      "is_prime_time": false,
      "venue": "Heinz Field"
    },
    {
      "game_id": "2024_week4_lar_chi",
      "week": 4,
      "season": 2024,
      "game_date": "2024-09-29T16:05:00",
      "home_team": "CHI",
      "away_team": "LAR",
      "game_time": "16:05",
      "status": "scheduled",
      "tv_network": "CBS",
      "is_playoff": false,
      "is_prime_time": false,
      "venue": "Soldier Field"
    },
    {
      "game_id": "2024_week4_ne_sf",
      "week": 4,
      "season": 2024,
      "game_date": "2024-09-29T16:05:00",
      "home_team": "SF",
      "away_team": "NE",
      "game_time": "16:05",
      "status": "scheduled",
      "tv_network": "FOX",
      "is_playoff": false,
      "is_prime_time": false,
      "venue": "Levi's Stadium"
    },
    {
      "game_id": "2024_week4_ten_mia",
      "week": 4,
      "season": 2024,
      "game_date": "2024-09-29T16:25:00",
      "home_team": "MIA",
      "away_team": "TEN",
      "game_time": "16:25",
      "status": "scheduled",
      "tv_network": "CBS",
      "is_playoff": false,
      "is_prime_time": false,
      "venue": "Hard Rock Stadium"
    },
    {
      "game_id": "2024_week4_den_nyj",
      "week": 4,
      "season": 2024,
      "game_date": "2024-09-29T16:25:00",
      "home_team": "NYJ",
      "away_team": "DEN",
      "game_time": "16:25",
      "status": "scheduled",
      "tv_network": "FOX",
      "is_playoff": false,
      "is_prime_time": false,
      "venue": "MetLife Stadium"
    },
    {
      "game_id": "2024_week4_jax_hou",
      "week": 4,
      "season": 2024,
      "game_date": "2024-09-29T16:25:00",
      "home_team": "HOU",
      "away_team": "JAX",
      "game_time": "16:25",
      "status": "scheduled",
      "tv_network": "CBS",
      "is_playoff": false,
      "is_prime_time": false,
      "venue": "NRG Stadium"
    },
    {
      "game_id": "2024_week4_was_ari",
      "week": 4,
      "season": 2024,
      "game_date": "2024-09-29T16:25:00",
      "home_team": "ARI",
      "away_team": "WAS",
      "game_time": "16:25",
      "status": "scheduled",
      "tv_network": "FOX",
      "is_playoff": false,
      "is_prime_time": false,
      "venue": "State Farm Stadium"
    },
    {
      "game_id": "2024_week4_tb_phi",
      "week": 4,
      "season": 2024,
      "game_date": "2024-09-29T16:25:00",
      "home_team": "PHI",
      "away_team": "TB",
      "game_time": "16:25",
      "status": "scheduled",
      "tv_network": "CBS",
      "is_playoff": false,
      "is_prime_time": false,
      "venue": "Lincoln Financial Field"
    },
    {
      "game_id": "2024_week4_kc_lac",
      "week": 4,
      "season": 2024,
      "game_date": "2024-09-29T20:20:00",
      "home_team": "LAC",
      "away_team": "KC",
      "game_time": "20:20",
      "status": "scheduled",
      "tv_network": "NBC",
      "is_playoff": false,
      "is_prime_time": true,
      "venue": "SoFi Stadium"
    },
    {
      "game_id": "2024_week4_sea_det",
      "week": 4,
      "season": 2024,
      "game_date": "2024-09-30T20:15:00",
      "home_team": "DET",
      "away_team": "SEA",
      "game_time": "20:15",
      "status": "scheduled",
      "tv_network": "ESPN",
      "is_playoff": false,
      "is_prime_time": true,
      "venue": "Ford Field"
    },
    {
      "game_id": "2024_week4_cle_lv",
      "week": 4,
      "season": 2024,
      "game_date": "2024-09-30T20:30:00",
      "home_team": "LV",
      "away_team": "CLE",
      "game_time": "20:30",
      "status": "scheduled",
      "tv_network": "ABC",
      "is_playoff": false,
      "is_prime_time": true,
      "venue": "Allegiant Stadium"
    },
    {
      "game_id": "2024_week5_tb_atl",
      "week": 5,
      "season": 2024,
      "game_date": "2024-10-03T20:15:00",
      "home_team": "ATL",
      "away_team": "TB",
      "game_time": "20:15",
      "status": "scheduled",
      "tv_network": "Prime",
      "is_playoff": false,
      "is_prime_time": true,
      "venue": "Mercedes-Benz Stadium"
    },
    {
      "game_id": "2024_week5_jax_ind",
      "week": 5,
      "season": 2024,
      "game_date": "2024-10-06T13:00:00",
      "home_team": "IND",
      "away_team": "JAX",
      "game_time": "13:00",
      "status": "scheduled",
      "tv_network": "CBS",
      "is_playoff": false,
      "is_prime_time": false,
      "venue": "Lucas Oil Stadium"
    },
    {
      "game_id": "2024_week5_car_chi",
      "week": 5,
      "season": 2024,
      "game_date": "2024-10-06T13:00:00",
      "home_team": "CHI",
      "away_team": "CAR",
      "game_time": "13:00",
      "status": "scheduled",
      "tv_network": "FOX",
      "is_playoff": false,
      "is_prime_time": false,
      "venue": "Soldier Field"
    },
    {
      "game_id": "2024_week5_bal_cin",
      "week": 5,
      "season": 2024,
      "game_date": "2024-10-06T13:00:00",
      "home_team": "CIN",
      "away_team": "BAL",
      "game_time": "13:00",
      "status": "scheduled",
      "tv_network": "CBS",
      "is_playoff": false,
      "is_prime_time": false,
      "venue": "Paycor Stadium"
    },
    {
      "game_id": "2024_week5_buf_hou",
      "week": 5,
      "season": 2024,
      "game_date": "2024-10-06T13:00:00",
      "home_team": "HOU",
      "away_team": "BUF",
      "game_time": "13:00",
      "status": "scheduled",
      "tv_network": "FOX",
      "is_playoff": false,
      "is_prime_time": false,
      "venue": "NRG Stadium"
    },
    {
      "game_id": "2024_week5_mia_ne",
      "week": 5,
      "season": 2024,
      "game_date": "2024-10-06T13:00:00",
      "home_team": "NE",
      "away_team": "MIA",
      "game_time": "13:00",
      "status": "scheduled",
      "tv_network": "CBS",
      "is_playoff": false,
      "is_prime_time": false,
      "venue": "Gillette Stadium"
    },
    {
      "game_id": "2024_week5_cle_was",
      "week": 5,
      "season": 2024,
      "game_date": "2024-10-06T16:05:00",
      "home_team": "WAS",
      "away_team": "CLE",
      "game_time": "16:05",
      "status": "scheduled",
      "tv_network": "FOX",
      "is_playoff": false,
      "is_prime_time": false,
      "venue": "FedExField"
    },
    {
      "game_id": "2024_week5_lar_gb",
      "week": 5,
      "season": 2024,
      "game_date": "2024-10-06T16:25:00",
      "home_team": "GB",
      "away_team": "LAR",
      "game_time": "16:25",
      "status": "scheduled",
      "tv_network": "CBS",
      "is_playoff": false,
      "is_prime_time": false,
      "venue": "Lambeau Field"
    },
    {
      "game_id": "2024_week5_ari_sf",
      "week": 5,
      "season": 2024,
      "game_date": "2024-10-06T16:25:00",
      "home_team": "SF",
      "away_team": "ARI",
      "game_time": "16:25",
      "status": "scheduled",
      "tv_network": "FOX",
      "is_playoff": false,
      "is_prime_time": false,
      "venue": "Levi's Stadium"
    },
    {
      "game_id": "2024_week5_den_lv",
      "week": 5,
      "season": 2024,
      "game_date": "2024-10-06T16:25:00",
      "home_team": "LV",
      "away_team": "DEN",
      "game_time": "16:25",
      "status": "scheduled",
      "tv_network": "CBS",
      "is_playoff": false,
      "is_prime_time": false,
      "venue": "Allegiant Stadium"
    },
    {
      "game_id": "2024_week5_min_nyj",
      "week": 5,
      "season": 2024,
      "game_date": "2024-10-06T20:20:00",
      "home_team": "NYJ",
      "away_team": "MIN",
      "game_time": "20:20",
      "status": "scheduled",
      "tv_network": "NBC",
      "is_playoff": false,
      "is_prime_time": true,
      "venue": "MetLife Stadium"
    },
    {
      "game_id": "2024_week5_dal_pit",
      "week": 5,
      "season": 2024,
      "game_date": "2024-10-07T20:15:00",
      "home_team": "PIT",
      "away_team": "DAL",
      "game_time": "20:15",
      "status": "scheduled",
      "tv_network": "ESPN",
      "is_playoff": false,
      "is_prime_time": true,
      "venue": "Heinz Field"
    },
    {
      "game_id": "2024_week5_kc_no",
      "week": 5,
      "season": 2024,
      "game_date": "2024-10-07T20:30:00",
      "home_team": "NO",
      "away_team": "KC",
      "game_time": "20:30",
      "status": "scheduled",
      "tv_network": "ABC",
      "is_playoff": false,
      "is_prime_time": true,
      "venue": "Caesars Superdome"
    }
  ]
}